contract,avg_monthly_charges
Month-to-month,67.29251824817518
One year,68.18406862745098
Two year,63.295967741935485
